﻿{"cameraMode":{"drawMode":0,"name":"Shaded","section":"Shading Mode"},"sceneLighting":true,"audioPlay":false,"sceneViewState":{"showFog":true,"showMaterialUpdate":false,"showSkybox":true,"showFlares":true,"showImageEffects":true,"showParticleSystems":true},"in2DMode":false,"pivot":{"x":3.572000026702881,"y":0.4939999580383301,"z":3.3340001106262209},"rotation":{"x":-0.4025574028491974,"y":0.003292222274467349,"z":-0.001447976566851139,"w":-0.9153876900672913},"size":2.8578836917877199,"orthographic":false}