﻿{"cameraMode":{"drawMode":0,"name":"Shaded","section":"Shading Mode"},"sceneLighting":true,"audioPlay":false,"sceneViewState":{"showFog":true,"showMaterialUpdate":false,"showSkybox":true,"showFlares":true,"showImageEffects":true,"showParticleSystems":true},"in2DMode":false,"pivot":{"x":0.4517301321029663,"y":1.0094953775405884,"z":2.2898521423339845},"rotation":{"x":-0.18523399531841279,"y":-0.0008869951125234366,"z":0.0001672186772339046,"w":-0.9826940298080444},"size":10.318573951721192,"orthographic":false}